{"_wandb": {"runtime": 3}, "Gradient Norm": NaN, "_timestamp": 1711487874.1219485, "_runtime": 3.887129545211792, "_step": 0}