{"train_loss": 0.031544596181217445, "_timestamp": 1711385066.7454762, "test_loss": 0.01658782559550471, "_runtime": 46.04236912727356, "_step": 6, "_wandb": {"runtime": 45}}