{"Gradient Norm": 0.07247995235965222, "_timestamp": 1711498863.6921926, "_runtime": 84.4812536239624, "_step": 31, "train_loss": 0.0032645939472353176, "test_loss": 0.0032658774143783376, "lr": 0.00021463876394293716, "_wandb": {"runtime": 83}}