{"Gradient Norm": NaN, "_timestamp": 1711503046.878203, "_runtime": 152.64125394821167, "_step": 28, "train_loss": NaN, "test_loss": NaN, "lr": 0.000873420096025387, "_wandb": {"runtime": 151}}