{"Gradient Norm": 1.201193728367466, "_timestamp": 1711490512.9649484, "_runtime": 131.85615944862366, "_step": 3, "train_loss": 0.04300255935443075, "test_loss": 0.043838923828316334, "_wandb": {"runtime": 130}}