{"Gradient Norm": 0.6999994875151655, "_timestamp": 1711495549.6638064, "_runtime": 189.26356554031372, "_step": 4, "train_loss": 0.04308874431409334, "test_loss": 0.042768539375617726, "lr": 0.000857375, "_wandb": {"runtime": 188}}