{"_wandb": {"runtime": 3}, "Gradient Norm": NaN, "_timestamp": 1711486633.2012281, "_runtime": 4.6606762409210205, "_step": 0}