{"train_loss": 0.04270162486324185, "_timestamp": 1711413971.675313, "test_loss": 0.04267700723990673, "_runtime": 10951.182684898376, "_step": 349, "_wandb": {"runtime": 10950}}