{"train_loss": 0.003277287201116228, "_timestamp": 1711380463.0899515, "test_loss": 0.06287833109498024, "_runtime": 234.18952441215515, "_step": 24, "_wandb": {"runtime": 233}}