{"train_loss": 1.0005311531474792, "_timestamp": 1711380892.8864076, "test_loss": 0.9993587665557861, "_runtime": 274.9147276878357, "_step": 24, "_wandb": {"runtime": 273}}