{"_wandb": {"runtime": 15}, "train_loss": 0.09994153377701001, "_timestamp": 1711381841.171999, "test_loss": 0.0899362621307373, "_runtime": 14.236181020736694, "_step": 0}