{"train_loss": 0.08782250939094159, "_timestamp": 1711381691.1095545, "test_loss": 0.09808539080619812, "_runtime": 285.64783453941345, "_step": 24, "_wandb": {"runtime": 284}}