{"Gradient Norm": NaN, "_timestamp": 1711486458.8252518, "_runtime": 107.89380073547363, "_step": 2, "train_loss": NaN, "test_loss": NaN, "_wandb": {"runtime": 106}}