{"_wandb": {"runtime": 13}, "train_loss": 0.5170951896911884, "_timestamp": 1711380936.0440652, "test_loss": 0.173957126557827, "_runtime": 13.46438717842102, "_step": 0}