{"_wandb": {"runtime": 2}, "Gradient Norm": 0.6999991964822908, "_timestamp": 1711503451.5824091, "_runtime": 3.0467541217803955, "_step": 0}