{"Gradient Norm": 0.8954653841872611, "_timestamp": 1711490344.4438245, "_runtime": 84.5077805519104, "_step": 1, "_wandb": {"runtime": 84}}