{"train_loss": 0.0001168748381881681, "_timestamp": 1711315919.633874, "test_loss": 1.2092910910723731e-05, "_runtime": 24.312252044677734, "_step": 1, "_wandb": {"runtime": 32}}