{"train_loss": 0.007141419695727676, "_timestamp": 1711384940.2177901, "test_loss": 0.01811540296803864, "_runtime": 831.673849105835, "_step": 142, "_wandb": {"runtime": 833}}