{"train_loss": 19092.457009679343, "_timestamp": 1711316569.0611699, "test_loss": 26150.86121875, "_runtime": 202.92160081863403, "_step": 17, "_wandb": {"runtime": 209}}