{"_wandb": {"runtime": 2}, "Gradient Norm": NaN, "_timestamp": 1711488469.4754443, "_runtime": 3.5415093898773193, "_step": 0}