{"train_loss": 0.0032885518087724963, "_timestamp": 1711386510.8901782, "test_loss": 0.0033055139069874135, "_runtime": 198.77978324890137, "_step": 33, "_wandb": {"runtime": 198}}