{"_wandb": {"runtime": 7}, "train_loss": 0.017655199429162414, "_timestamp": 1711383525.9501321, "test_loss": 0.08332056694087528, "_runtime": 7.612600088119507, "_step": 0}