{"Gradient Norm": 0.06067057643021973, "_timestamp": 1711502267.1620848, "_runtime": 638.3293497562408, "_step": 121, "train_loss": 0.003265275305787486, "test_loss": 0.0032993822678690776, "lr": 2.1224263786981576e-06, "_wandb": {"runtime": 637}}