{"train_loss": 2.992476533086941e-05, "_timestamp": 1711316059.1357386, "test_loss": 8.423295810644048e-06, "_runtime": 59.358593702316284, "_step": 4, "_wandb": {"runtime": 65}}