{"_wandb": {"runtime": 11}, "Gradient Norm": 0.6999993005834066, "_timestamp": 1711503939.7542613, "_runtime": 12.193878173828125, "_step": 0}