{"Gradient Norm": 0.12776914280708135, "_timestamp": 1711501001.0355864, "_runtime": 434.69845247268677, "_step": 66, "train_loss": 0.003286694930422874, "test_loss": 0.003276664443546906, "lr": 0.0005133420832795047, "_wandb": {"runtime": 433}}