{"_wandb": {"runtime": 4}, "Gradient Norm": 0.23021291551958706, "_timestamp": 1711488572.4330788, "_runtime": 5.250478744506836, "_step": 0}