{"train_loss": 0.0032725985251726157, "_timestamp": 1711386687.2613375, "test_loss": 0.0032804695859787957, "_runtime": 95.72094345092773, "_step": 15, "_wandb": {"runtime": 91}}