{"train_loss": 19316.32737394892, "_timestamp": 1711323213.5661175, "test_loss": 21524.9957734375, "_runtime": 55.173282623291016, "_step": 3, "_wandb": {"runtime": 56}}