{"_wandb": {"runtime": 12}, "train_loss": 0.09237828963701744, "_timestamp": 1711381736.6980298, "test_loss": 0.10583124965429307, "_runtime": 13.471420764923096, "_step": 0}