{"train_loss": NaN, "_timestamp": 1711471256.3901484, "test_loss": NaN, "_runtime": 478.35367941856384, "_step": 14, "_wandb": {"runtime": 494}}