{"Gradient Norm": 0.5125733102613936, "_timestamp": 1711503270.3165312, "_runtime": 58.9736442565918, "_step": 3, "_wandb": {"runtime": 58}}