{"_wandb": {"runtime": 3}, "Gradient Norm": 0.11422975978874111, "_timestamp": 1711503588.0431488, "_runtime": 4.00450873374939, "_step": 0}