{"train_loss": 0.0033696302667215287, "_timestamp": 1711386798.2945566, "test_loss": 0.004133617409342338, "_runtime": 95.42682552337646, "_step": 16, "_wandb": {"runtime": 98}}