{"Gradient Norm": 0.6035465112764034, "_timestamp": 1711496400.2145905, "_runtime": 288.55423164367676, "_step": 108, "train_loss": 0.0032938309531244966, "test_loss": 0.003855314673273824, "lr": 0.001, "_wandb": {"runtime": 287}}