{"train_loss": 0.08221119513593046, "_timestamp": 1711382134.417233, "test_loss": 0.08948909687995911, "_runtime": 266.911504983902, "_step": 24, "_wandb": {"runtime": 265}}