{"Gradient Norm": 0.22651164760940343, "_timestamp": 1711500134.8412464, "_runtime": 504.03254532814026, "_step": 96, "train_loss": 0.003270255760215814, "test_loss": 0.003324941048049368, "lr": 0.0003773536025353072, "_wandb": {"runtime": 503}}