{"Gradient Norm": 0.04728842552525099, "_timestamp": 1711495779.8106337, "_runtime": 123.82581973075867, "_step": 46, "train_loss": 0.0032579757805381504, "test_loss": 0.0032871852890821174, "lr": 9.944025698709218e-05, "_wandb": {"runtime": 122}}