{"train_loss": 18664.87749827435, "_timestamp": 1711386207.6607628, "test_loss": 18649.348167782737, "_runtime": 269.19735383987427, "_step": 44, "_wandb": {"runtime": 270}}