{"Gradient Norm": 0.11520532599790378, "_timestamp": 1711496089.9422076, "_runtime": 257.6640875339508, "_step": 97, "train_loss": 0.003260232870363527, "test_loss": 0.0032615584786981344, "lr": 7.26885670961272e-06, "_wandb": {"runtime": 256}}