{"train_loss": 0.042756936589353964, "_timestamp": 1711402999.1905751, "test_loss": 0.04270659858251319, "_runtime": 15757.958232164383, "_step": 41, "_wandb": {"runtime": 15761}}