{"train_loss": 0.007639159448444843, "_timestamp": 1711382962.195477, "test_loss": 0.05874180758283252, "_runtime": 427.8251929283142, "_step": 74, "_wandb": {"runtime": 426}}