{"_wandb": {"runtime": 3}, "Gradient Norm": NaN, "_timestamp": 1711488354.9776669, "_runtime": 4.459366798400879, "_step": 0}