{"train_loss": 18665.431364128388, "_timestamp": 1711327325.7597728, "test_loss": 20111.55846875, "_runtime": 345.77851581573486, "_step": 24, "_wandb": {"runtime": 344}}