{"train_loss": 1.0003965524545155, "_timestamp": 1711328248.2469537, "test_loss": 1.000148000240326, "_runtime": 358.9363067150116, "_step": 24, "_wandb": {"runtime": 357}}