{"_wandb": {"runtime": 12}, "train_loss": 1.1866148977753628, "_timestamp": 1711380105.6512184, "test_loss": 1.013024311542511, "_runtime": 12.10539436340332, "_step": 0}