{"Gradient Norm": 0.3937702442372404, "_timestamp": 1711503405.489473, "_runtime": 83.48804712295532, "_step": 5, "_wandb": {"runtime": 82}}