{"_wandb": {"runtime": 3}, "Gradient Norm": NaN, "_timestamp": 1711487192.9848733, "_runtime": 3.9881591796875, "_step": 0}