{"train_loss": 0.0049994566728432015, "_timestamp": 1711316275.057948, "test_loss": 0.0033709442056715487, "_runtime": 103.76793003082275, "_step": 8, "_wandb": {"runtime": 106}}